bids_name	aor	aqi	dummy_trs	dvars_nstd	dvars_std	dvars_vstd	efc	fber	fd_mean	fd_num	fd_perc	fwhm_avg	fwhm_x	fwhm_y	fwhm_z	gcor	gsr_x	gsr_y	size_t	size_x	size_y	size_z	snr	spacing_tr	spacing_x	spacing_y	spacing_z	summary_bg_k	summary_bg_mad	summary_bg_mean	summary_bg_median	summary_bg_n	summary_bg_p05	summary_bg_p95	summary_bg_stdv	summary_fg_k	summary_fg_mad	summary_fg_mean	summary_fg_median	summary_fg_n	summary_fg_p05	summary_fg_p95	summary_fg_stdv	tsnr
sub-01_task-WM_run-01_bold	0.00041626229508196725	0.007194650819672131	1	23.226119367730266	1.0897798162500003	0.9864641563815789	0.48264463172375466	4805.75537109375	0.09491763009383482	10	3.278688524590164	1.7210688888888888	1.5878266666666667	1.86385	1.71153	0.0176527	-0.008653261698782444	0.014432010240852833	305	80	80	36	5.076411521571095	2.0	3.0	3.0	3.0	32.641023951691984	5.738311628510877	21.843814849853516	8.297566413879395	148184.0	2.7915923476219175	85.70405578613281	45.458038330078125	2.5048613618452	95.67865371041376	597.7830810546875	581.437744140625	41412.0	453.97921600341795	815.7415161132801	114.53577423095703	59.818824768066406
sub-01_task-WM_run-02_bold	0.0007812624584717609	0.007059766212624585	0	22.521255207333322	1.0870104481000005	0.9931540188333321	0.48249106640562933	4795.74267578125	0.0837502439180925	7	2.3255813953488373	1.7175888888888888	1.5867066666666665	1.8632600000000001	1.7027999999999999	0.0252449	-0.00803582277148962	0.013891174457967281	301	80	80	36	5.067834251462425	2.0	3.0	3.0	3.0	32.87335615800634	5.562348620208063	21.86773109436035	8.260749816894531	148286.0	2.798107087612152	86.12088394165039	45.704837799072266	2.5579407326796577	93.73825824096699	594.0319213867188	577.5411987304688	41346.0	450.6613311767578	812.6914978027344	113.96075439453125	59.72840881347656
sub-01_task-WM_run-03_bold	0.0014378405315614614	0.012094601029900332	0	23.234140802966664	1.042829065333333	0.9747236674	0.48293182523179373	4757.84423828125	0.14447461346004048	51	16.943521594684384	1.726892222222222	1.6103766666666666	1.8947233333333333	1.6755766666666665	0.0161562	-0.008252053521573544	0.015176651999354362	301	80	80	36	5.097402657291819	2.0	3.0	3.0	3.0	34.15346150191886	5.7212696548822155	22.153348922729492	8.282352447509766	148332.0	2.814015734195709	87.48534202575671	45.77677917480469	2.562524129971475	94.07140033492624	593.598388671875	576.9995727539062	41361.0	451.4608459472656	810.3401489257812	113.19345092773438	48.9914436340332
sub-02_task-WM_run-01_bold	0.002150410094637224	0.008800782018927445	0	23.12285243414557	1.1063983971202525	1.0141994894303796	0.4457666702778895	5032.091796875	0.08479122512796598	22	6.94006309148265	1.6907088888888888	1.6056666666666668	1.7894366666666668	1.6770233333333333	0.030996	-0.0007901664357632399	0.003954299725592136	317	80	80	36	6.035136825914695	2.0	3.0	3.0	3.0	63.25891095900991	3.9754408416283535	13.288383483886719	6.313467979431152	155770.0	2.540908658504486	46.52825736999508	22.995943069458008	3.1866274710002296	70.6592888188414	463.9483947753906	457.62762451171875	34302.0	358.72830963134766	586.7523925781247	75.82611083984375	58.8736572265625
sub-02_task-WM_run-02_bold	0.002047731629392971	0.007628004025559104	0	23.874353971378213	1.1166829176923077	1.0155034791346158	0.44516336618742186	4980.6025390625	0.08272277576534033	20	6.389776357827476	1.703548888888889	1.6189733333333332	1.8024366666666667	1.6892366666666667	0.0244334	-0.00046421890147030354	0.00475772749632597	313	80	80	36	5.975068672868572	2.0	3.0	3.0	3.0	67.18072647136115	4.01625504645412	13.37779426574707	6.34835958480835	156131.0	2.4810606241226196	46.92115783691406	23.188135147094727	3.24739961726228	71.21331909733264	463.9231262207031	457.7986145019531	34133.0	357.93071899414065	587.2174316406249	76.61701202392578	62.12564468383789
sub-02_task-WM_run-03_bold	0.004210216718266254	0.009838581021671827	0	25.74767263779503	1.124968793633541	1.0256029923291916	0.44438276994856063	5090.31640625	0.12265219070763296	49	15.170278637770897	1.6980355555555555	1.62639	1.8187966666666666	1.6489200000000002	0.040276	-0.00022516606259159744	0.004284108057618141	323	80	80	36	5.935690373236537	2.0	3.0	3.0	3.0	61.93580304334533	3.969630869016815	13.391444206237793	6.293933868408203	156262.0	2.4956433057785032	47.430382347106885	23.104276657104492	3.1457658884149646	71.6645065156352	464.4383239746094	458.21917724609375	34081.0	357.4245300292969	589.6525268554688	77.19615173339844	55.040592193603516
sub-03_task-WM_run-01_bold	0.0006103144654088052	0.007243463396226414	0	20.38710818006309	1.0521692720504727	0.9685137002208205	0.45051780326945967	4303.02880859375	0.06571879298495018	9	2.830188679245283	1.7110277777777778	1.6150966666666668	1.79251	1.7254766666666665	0.0455751	-0.006352998781949282	0.006021877750754356	318	80	80	36	5.177096634604045	2.0	3.0	3.0	3.0	69.69891451124771	6.741735768219465	17.684818267822266	9.558462142944336	153643.0	2.7793606996536253	51.913382339477536	34.64280319213867	2.0444828117866134	109.68442151255692	646.083251953125	629.5742797851562	36572.0	481.7140823364258	859.3076049804687	121.6059341430664	59.70030975341797
sub-03_task-WM_run-02_bold	0.000938179104477612	0.0052034957910447755	0	20.96237609179639	1.0943119116167659	1.0035083455089813	0.4521140092987933	4203.96728515625	0.07438788571964507	10	2.985074626865672	1.7088144444444444	1.6178533333333334	1.7773866666666667	1.7312033333333332	0.0258112	-0.0067943246103823185	0.006962257903069258	335	80	80	36	5.172379165299052	2.0	3.0	3.0	3.0	69.45037975589642	6.838111359895966	17.934268951416016	9.627347946166992	153413.0	2.8105662345886233	53.714068603515614	35.21306228637695	2.1446736593501665	108.56278732686498	645.85498046875	629.300537109375	36819.0	481.4710968017578	857.8829772949217	121.66393280029297	67.40299987792969
sub-03_task-WM_run-03_bold	0.0003538390092879257	0.005811983746130032	0	22.181888450031046	1.1050833184161486	0.9726571754037271	0.4529809448366864	4152.1259765625	0.07009181675447247	7	2.1671826625387	1.718171111111111	1.6261733333333332	1.77938	1.74896	0.0146175	-0.0071413456462323666	0.005659026559442282	323	80	80	36	5.208986787011191	2.0	3.0	3.0	3.0	67.2828482324714	6.934523006523727	18.07689094543457	9.673973083496094	153406.0	2.8510290384292603	54.52644443511963	35.12308120727539	2.1054468083097984	108.1206037489397	644.885986328125	629.075927734375	36796.0	480.77672576904297	854.9351501464844	120.76578521728516	63.541908264160156
sub-04_task-WM_run-01_bold	0.0004317741935483872	0.010543893258064516	0	21.145683227055027	1.062090823106796	0.9787293019417473	0.4469296556927586	5156.25244140625	0.0910009043073877	21	6.774193548387097	1.6100766666666668	1.4879066666666667	1.71215	1.6301733333333335	0.0151931	-0.007170802913606167	0.004788632970303297	310	80	80	36	6.2320887027086735	2.0	3.0	3.0	3.0	55.81086007987047	3.803030659944259	15.040464401245117	6.783843994140625	156466.0	2.794915497303009	54.4856595993042	29.729703903198242	3.1383928593911774	71.04258547088212	499.1341857910156	491.40118408203125	34218.0	394.7906021118164	629.5254760742188	78.84900665283203	59.598751068115234
sub-04_task-WM_run-02_bold	0.0003424545454545455	0.007576828606060605	0	21.179197873647418	1.0916942914589658	0.9916310960486321	0.44626670498731097	5190.64599609375	0.08244562422784486	18	5.454545454545454	1.6012866666666667	1.47842	1.7118433333333334	1.6135966666666668	0.0190318	-0.007033369969576597	0.005156654864549637	330	80	80	36	6.204399116461091	2.0	3.0	3.0	3.0	56.48565053270601	3.774947034232328	15.048968315124512	6.748798370361328	156600.0	2.7717309951782227	55.39592781066882	29.933895111083984	3.1543504504628546	71.13395861481132	499.71295166015625	491.788818359375	34111.0	394.1160888671875	629.8018188476562	79.26337432861328	67.56588745117188
sub-04_task-WM_run-03_bold	0.000714712990936556	0.007980521963746223	0	21.129195016545456	1.101943656303031	0.9997788890303028	0.446632946737164	5193.25048828125	0.0754007723656272	8	2.416918429003021	1.6018555555555556	1.4850700000000001	1.7143666666666666	1.60613	0.0193246	-0.007018663454800844	0.005716879386454821	331	80	80	36	6.191359531994362	2.0	3.0	3.0	3.0	58.46625244899758	3.8270577501595797	15.185133934020996	6.757920265197754	156637.0	2.7313245296478272	56.464865112304594	30.18747329711914	3.2232449486048136	70.52332630460161	498.58819580078125	490.8651123046875	34124.0	393.4227554321289	628.7158264160156	79.28112030029297	65.44585418701172
sub-05_task-WM_run-01_bold	0.0009471428571428573	0.007520565333333332	0	21.35024533	1.1211004061146503	0.9859603304458598	0.4411691026044447	5253.9365234375	0.0821721931940688	5	1.5873015873015872	1.666808933350337	1.52289	1.7991733333333333	1.6783634667176777	0.0258462	-0.00486015947535634	0.004062986467033625	315	80	80	36	5.265866247756353	2.0	3.0	3.0	2.999999761581421	76.38593472238996	3.5495631154101974	13.692976951599121	6.336224555969238	156266.0	2.8064072132110596	44.17509174346924	29.53896713256836	2.0032946890848686	81.20265016434574	472.01434326171875	461.0891418457031	34659.0	358.34136657714845	625.6081237792968	87.56061553955078	61.56591796875
sub-05_task-WM_run-02_bold	0.0019590769230769228	0.009652023753846153	0	19.983377079999993	1.0855970281481473	0.9848907369444443	0.4430476414370055	5145.3291015625	0.08306867247763142	5	1.5384615384615385	1.6574267102623021	1.5443300000000002	1.7822699999999998	1.645680130786906	0.0154034	-0.005726383533328772	0.0043409825302660465	325	80	80	36	5.2829738817704	2.0	3.0	3.0	2.999999761581421	77.62876341872452	3.6021512059617224	13.880894660949707	6.3875579833984375	156017.0	2.8002360343933104	44.77659835815429	29.768089294433594	2.073143437388719	81.16459875853022	472.3410339355469	461.8953857421875	34833.0	359.1103271484375	625.3532836914064	87.4296875	59.21699905395508
sub-05_task-WM_run-03_bold	0.0012623974763406938	0.006607828170347003	0	19.996600911519003	1.08116007414557	0.9824833510759502	0.44236079913163495	5260.2470703125	0.08422826776864846	9	2.8391167192429023	1.6616422664756278	1.5371866666666667	1.77723	1.6705101327602172	0.0354544	-0.0052554612047970295	0.003817425575107336	317	80	80	36	5.272639525286165	2.0	3.0	3.0	2.999999761581421	77.70755411088864	3.426963025631074	13.70685863494873	6.297235012054443	156073.0	2.8278331756591797	44.59314651489254	29.533443450927734	2.1284129422719618	80.64993200329641	471.26788330078125	460.8240966796875	34819.0	358.0551696777344	625.3480651855467	87.39787292480469	65.75965881347656
sub-06_task-WM_run-01_bold	0.00047237237237237234	0.006402761441441443	0	20.730588760783128	1.0922286446686744	0.9610792453915659	0.42834438011271175	4204.19775390625	0.07897708663614811	4	1.2012012012012012	1.6664688888888888	1.5254866666666667	1.7979466666666666	1.6759733333333333	0.0284398	-0.019313277676701546	0.014012248255312443	333	80	80	36	5.288638247827316	2.0	3.0	3.0	3.0	60.78820685829308	6.780821456264261	16.621252059936523	9.759145736694336	159121.0	2.765554189682007	53.654579162597656	27.002330780029297	1.8676561600231967	114.38239014518913	647.5133666992188	635.621337890625	31928.0	479.86011505126953	846.6365783691406	120.18431854248047	62.25440979003906
sub-06_task-WM_run-02_bold	0.0005712074303405573	0.004709509535603715	0	20.999102379099394	1.1371377104658387	0.988352568012423	0.42969672705317685	4085.705322265625	0.08124930402167573	5	1.5479876160990713	1.6634099999999998	1.5347933333333332	1.7877833333333333	1.6676533333333332	0.0151955	-0.019779987633228302	0.014660071581602097	323	80	80	36	5.301056947588703	2.0	3.0	3.0	3.0	54.627292513860546	6.673492582483069	16.747766494750977	9.83930778503418	158894.0	2.8852023601531984	54.20649337768557	26.7623291015625	1.9088961616059397	114.1129536153063	644.7620239257812	632.7504272460938	32033.0	477.72767944335936	841.9982421875	119.3612060546875	70.54141235351562
sub-06_task-WM_run-03_bold	0.00033110091743119267	0.004805657125382262	0	22.187601692208585	1.153406551932515	0.9848720729141096	0.43064402899012105	4031.12841796875	0.08883313240663739	6	1.834862385321101	1.6610144444444446	1.5264633333333333	1.7919466666666668	1.6646333333333334	0.0148643	-0.01991042122244835	0.014667847193777561	327	80	80	36	5.3222131784575515	2.0	3.0	3.0	3.0	52.11335997562023	6.750210802644936	16.943111419677734	9.884391784667969	158806.0	2.866838753223419	55.52041149139404	26.93985939025879	1.8897238974027735	113.31903207208981	644.1087646484375	632.1812133789062	32140.0	477.9063018798828	839.4957580566406	118.77979278564453	69.38511657714844
sub-07_task-WM_run-01_bold	0.0004797280966767372	0.0065358442900302115	0	20.999670369545452	1.081560425909091	1.0012702451515147	0.4593971987656437	5012.2939453125	0.0695351549181897	6	1.8126888217522659	1.5691166666666667	1.4505299999999999	1.6585733333333332	1.5982466666666666	0.0329592	-0.003442897228524089	0.008254128508269787	331	80	80	36	5.942287615202121	2.0	3.0	3.0	3.0	45.27974216797329	4.980369745332155	19.691314697265625	8.198286056518555	153838.0	2.8084960460662844	70.80879020690917	42.36322784423828	2.167547857565771	93.570442944689	592.5576171875	582.2384033203125	36970.0	460.24495697021484	756.4663787841794	97.98087310791016	68.83726501464844
sub-07_task-WM_run-02_bold	0.0003403809523809524	0.007457050317460318	0	21.548416277324822	1.0859122686624203	0.9947197587898088	0.4595653050057911	4992.99267578125	0.07149278034905468	2	0.6349206349206349	1.5772633333333335	1.45864	1.6641700000000001	1.6089799999999999	0.0340715	-0.0034977777395397425	0.008412888273596764	315	80	80	36	5.9471115287160705	2.0	3.0	3.0	3.0	49.760302215341184	5.051430165985593	19.78399085998535	8.200569152832031	153876.0	2.779038369655609	71.46339988708496	42.92424392700195	2.1561237622355627	93.20096877121742	590.614013671875	580.38037109375	36926.0	458.7242202758789	755.5302276611328	97.58897399902344	66.59453582763672
sub-07_task-WM_run-03_bold	0.00034753799392097263	0.00738761452887538	0	21.85892318524391	1.0975591310670734	0.9995727357317075	0.4602420139774012	4934.64306640625	0.07088174895578389	4	1.21580547112462	1.5761777777777777	1.4563499999999998	1.6630733333333334	1.60911	0.0376166	-0.0037596761249005795	0.008506814949214458	329	80	80	36	5.948805398514605	2.0	3.0	3.0	3.0	46.688783718215866	4.991196481627522	19.8609676361084	8.212688446044922	153828.0	2.805974531173706	71.86733207702635	42.76751708984375	2.1490718475740485	92.92076382922508	588.8353271484375	578.7142333984375	36978.0	457.33775939941404	752.1173217773437	97.28111267089844	66.85580444335938
sub-08_task-WM_run-01_bold	0.0003406896551724138	0.009440928526645768	0	21.989272297547156	1.0748031534905649	0.9814168812893082	0.4705836989661096	4831.4951171875	0.14737131102599926	57	17.86833855799373	1.5683633333333333	1.4219600000000001	1.7057366666666667	1.5773933333333332	0.0273908	-0.0061272382736206055	0.011440140195190907	319	80	80	36	6.0791417893502775	2.0	3.0	3.0	3.0	48.05968912499618	5.247057261921412	19.081764221191406	8.369495391845703	150129.0	2.8952612400054933	62.53699645996099	43.741920471191406	3.987752300149248	80.5660017324429	592.6575927734375	583.6094360351562	39835.0	468.49102783203125	751.7451904296873	96.00074005126953	59.37767028808594
sub-08_task-WM_run-02_bold	0.0003919426751592357	0.008957340477707007	0	21.621327262971217	1.0869207998402555	0.9933767071884987	0.4717455721858098	4772.357421875	0.12809124998169683	43	13.694267515923567	1.5579666666666665	1.4118233333333334	1.7040966666666666	1.55798	0.0287391	-0.006572434213012457	0.011937371455132961	314	80	80	36	6.059913474028947	2.0	3.0	3.0	3.0	48.12887042950456	5.200903389510096	19.388200759887695	8.4320650100708	149881.0	2.989893913269043	63.729488372802734	44.73073959350586	3.957906564206584	79.87311323225386	594.9963989257812	584.566162109375	39979.0	470.91663513183596	756.5316650390624	96.4632339477539	62.445823669433594
sub-08_task-WM_run-03_bold	0.0005656549520766772	0.007764100798722045	0	21.798297876121794	1.0954787079807689	0.9947311097756406	0.4721960936140117	4732.6767578125	0.11682764659205681	31	9.904153354632587	1.56501	1.4209633333333331	1.7019566666666668	1.5721100000000001	0.0239804	-0.006769836880266666	0.012270905077457428	313	80	80	36	6.050746826767369	2.0	3.0	3.0	3.0	48.688942716236994	5.2485362218828815	19.540224075317383	8.473368644714355	149828.0	2.9891734957695006	64.24076004028313	45.26272201538086	3.9099062296979517	80.3745230767814	594.6497802734375	584.5167236328125	40060.0	469.7684631347656	756.5055358886717	96.60120391845703	65.056396484375
sub-09_task-WM_run-01_bold	0.0007178930817610062	0.00617870927672956	0	21.145707921419564	1.1517605978864354	0.994508867003155	0.44889296851263216	5949.94384765625	0.0399877537533075	0	0.0	1.7221677777777777	1.5877299999999999	1.8291899999999999	1.7495833333333335	0.0355713	-0.004964951425790787	0.007752030622214079	318	80	80	36	6.0878166232524835	2.0	3.0	3.0	3.0	56.37305914865161	3.605852140664537	14.753602981567383	6.653184413909912	154613.0	3.07004075050354	53.60030593872064	29.98272132873535	3.1227485827112575	80.94886855290783	523.7139282226562	517.1552734375	35881.0	406.86151123046875	658.9972534179688	84.94803619384766	69.75047302246094
sub-09_task-WM_run-02_bold	0.00025473684210526316	0.004999956904024768	0	19.737423019999994	1.1084681085714279	0.9919317971118017	0.45002353549795066	5824.72216796875	0.0392607370173784	0	0.0	1.7197977777777778	1.5850099999999998	1.8315733333333333	1.7428100000000002	0.0305657	-0.005140474531799555	0.008217238821089268	323	80	80	36	6.118823712390566	2.0	3.0	3.0	3.0	55.14025646606205	3.5695080428351216	14.82671070098877	6.692556381225586	154405.0	3.1335619926452636	54.33550415039062	29.87590980529785	3.13323212015798	79.80257560839368	523.0360107421875	516.56591796875	35996.0	406.5324172973633	657.7671051025391	84.42124938964844	75.76130676269531
sub-09_task-WM_run-03_bold	0.00021838006230529594	0.007235501152647974	0	19.133465641843735	1.058085635	0.96848643846875	0.4513290878564978	5709.50244140625	0.04736625600884223	1	0.3115264797507788	1.7207044444444444	1.59162	1.8328033333333333	1.73769	0.0248177	-0.005755904596298933	0.008533500134944916	321	80	80	36	6.161264788337138	2.0	3.0	3.0	3.0	53.99231417923675	3.604172404111741	14.956210136413574	6.741663455963135	154277.0	3.1445122241973875	54.995710754394516	29.958181381225586	3.169550611005607	79.18664958298729	521.4879760742188	515.2164916992188	36072.0	406.42771301269534	654.9002899169919	83.62071228027344	70.08495330810547
sub-10_task-WM_run-01_bold	0.004119645161290324	0.008041155870967742	0	18.52555656443364	1.0557174255663433	1.0185000007766989	0.43808898106541516	4536.1884765625	0.0627205215003006	3	0.967741935483871	1.6365399999999999	1.5553066666666666	1.7593333333333332	1.5949799999999998	0.0269262	-0.0063141025602817535	0.0060465652495622635	310	80	80	36	5.441678839506815	2.0	3.0	3.0	3.0	49.6765439597597	5.86310806573756	16.59212303161621	8.722146987915039	156838.0	2.7989500880241396	54.0869264602661	30.6906795501709	2.8815697134551943	96.5156941474973	597.92236328125	585.71826171875	33618.0	454.3605697631836	776.9980041503906	107.63397979736328	57.998783111572266
sub-10_task-WM_run-02_bold	0.0005418910256410256	0.004113939262820512	0	19.18980032974276	1.0608158244694539	1.0011867286816725	0.4390180347631078	4398.57080078125	0.06723482495521124	8	2.5641025641025643	1.631157777777778	1.5480533333333335	1.7465166666666667	1.5989033333333333	0.0340586	-0.006506056059151888	0.004655000753700733	312	80	80	36	5.455609220363036	2.0	3.0	3.0	3.0	49.220001635984744	5.850181305271281	16.6976375579834	8.784137725830078	156614.0	2.882215178012848	53.87341194152834	31.116735458374023	3.0542355990083028	95.52604087829036	599.0230102539062	587.3123168945312	33785.0	454.9999206542969	775.8108398437499	107.65133666992188	72.19062805175781
sub-10_task-WM_run-03_bold	0.0020485294117647056	0.0052734001960784305	0	19.543367417147564	1.0837814822622944	1.02717269747541	0.43893103638545744	4393.14013671875	0.07669593531619515	8	2.6143790849673203	1.6304922222222222	1.5526099999999998	1.7392066666666668	1.59966	0.0316727	-0.006500478833913803	0.005025685764849186	306	80	80	36	5.488696051742594	2.0	3.0	3.0	3.0	48.401654885581564	5.876505661449697	16.720619201660156	8.77639102935791	156674.0	2.856651186943054	53.79619731903078	30.983652114868164	3.0122677018197956	95.10987342205823	598.6849975585938	586.975830078125	33678.0	455.35860137939454	774.3295959472656	106.94108581542969	66.39891052246094
sub-11_task-WM_run-01_bold	0.004289145569620254	0.011707813132911393	0	22.029067956984147	1.1081808433333338	0.9845977779365077	0.45640263386978647	5301.7314453125	0.08993849968005746	1	0.31645569620253167	1.6950199999999997	1.5853933333333332	1.8190366666666666	1.68063	0.00983186	-0.011939399875700474	0.012644175440073013	316	80	80	36	5.49109984992639	2.0	3.0	3.0	3.0	64.61508003169	6.090784832023855	18.248395919799805	8.9840669631958	152057.0	2.689758539199829	62.54811019897436	35.98406219482422	2.8730804568417687	106.46222303864656	667.61376953125	651.2929077148438	38279.0	511.91162109375	868.1856018066405	118.6072769165039	55.190589904785156
sub-11_task-WM_run-02_bold	0.00031441358024691355	0.0043027502160493825	0	22.237225547058827	1.1549524750774	0.9961530760681121	0.45659018292918147	5256.341796875	0.07359340848526134	0	0.0	1.6865655555555554	1.5693000000000001	1.7865466666666665	1.70385	0.0433935	-0.011714241467416286	0.01128036342561245	324	80	80	36	5.4969322615315015	2.0	3.0	3.0	3.0	60.6503273920334	5.714826423004192	17.767601013183594	8.879805564880371	151885.0	2.8951252460479737	60.64993820190412	34.664886474609375	3.090250528275197	105.21539475082433	664.7781982421875	648.8868408203125	38424.0	510.28612365722654	863.2728302001952	118.04373168945312	76.64581298828125
sub-11_task-WM_run-03_bold	0.00030109375000000004	0.00447299115625	0	22.29213296636363	1.1480663337617552	0.9933929112852659	0.45674852656729137	5243.2080078125	0.08084559476809348	2	0.625	1.6806433333333333	1.5641366666666665	1.7806466666666667	1.6971466666666668	0.0409991	-0.01155237015336752	0.011370780877768993	320	80	80	36	5.498217818963958	2.0	3.0	3.0	3.0	60.6758793498424	5.671163877028924	17.7818546295166	8.87157917022705	151880.0	2.8960649013519286	60.90084171295163	34.76687240600586	3.1396881371206646	104.71955009406764	663.4168701171875	647.2816162109375	38436.0	509.2156066894531	860.9256744384766	117.72418212890625	75.58740997314453
sub-12_task-WM_run-01_bold	0.0009476489028213167	0.005373521943573668	1	21.44595188767296	1.0740046078616354	1.0037189542767295	0.4561297753217012	5108.46533203125	0.07929031501725897	27	8.463949843260188	1.6543222222222222	1.5532533333333334	1.7878999999999998	1.6218133333333336	0.0236238	0.003891782369464636	0.011816105805337429	319	80	80	36	5.201814414608039	2.0	3.0	3.0	3.0	35.28147237420089	4.030780950052731	16.208589553833008	6.752041816711426	154155.0	2.3326339960098266	65.31693420410147	32.235774993896484	2.65613185719718	84.57583263493437	494.9656677246094	484.2440185546875	36153.0	372.86338500976564	652.0511596679688	93.09008026123047	63.567420959472656
sub-12_task-WM_run-02_bold	0.001455576923076923	0.007107917371794872	0	22.136124166366564	1.058676998681672	0.9985929560450164	0.4568312409339211	4983.07177734375	0.103699175519736	47	15.064102564102564	1.6608255555555553	1.5561766666666665	1.7949466666666665	1.6313533333333332	0.0296252	0.004093615338206291	0.01198454201221466	312	80	80	36	5.203935217416007	2.0	3.0	3.0	3.0	35.08457728314029	4.068684954743992	16.235071182250977	6.799367427825928	154140.0	2.347230005264282	65.60143280029293	32.214752197265625	2.6310275142521897	84.10263331540799	493.4239196777344	483.0212097167969	36186.0	370.81800079345703	649.8509979248047	92.81716918945312	58.547515869140625
sub-12_task-WM_run-03_bold	0.0013041250000000002	0.007775490625000001	0	22.571966870752338	1.0514647308463945	0.9870666268652041	0.4569895021872037	5009.52587890625	0.10974235461729638	45	14.0625	1.6594433333333332	1.5527300000000002	1.7929433333333333	1.6326566666666666	0.0244391	0.004029649775475264	0.012000161223113537	320	80	80	36	5.223813907307863	2.0	3.0	3.0	3.0	34.954845611796316	4.029301283131434	16.246877670288086	6.781627178192139	154081.0	2.370997667312622	65.70357513427734	32.18940353393555	2.6127272167001365	84.28345667253254	493.16455078125	482.9819641113281	36220.0	371.4945068359375	649.4838562011718	92.45645141601562	56.95167541503906
sub-13_task-WM_run-01_bold	0.0035672292993630572	0.017851796974522292	0	24.412127485495223	1.0828377738658148	0.992396113865815	0.45942817546071624	4445.4287109375	0.17367877964005574	84	26.751592356687897	1.7308333333333332	1.62052	1.8812	1.69078	0.042652	-0.007458215579390526	0.009984388016164303	314	80	80	36	5.895102528898401	2.0	3.0	3.0	3.0	35.58300765348346	5.939384789486454	21.713075637817383	9.017126083374023	155098.0	3.0374203085899354	96.3210998535155	41.88118362426758	3.2834044316636177	92.69983039926404	615.1795043945312	605.7494506835938	35420.0	473.8736877441406	785.8927429199218	102.75324249267578	44.58839416503906
sub-13_task-WM_run-02_bold	0.0029929559748427675	0.013804704937106919	0	26.46939224094637	1.1148447034384856	1.0238057599369084	0.45668389567025847	4675.361328125	0.2646057336564772	140	44.0251572327044	1.7228111111111113	1.58709	1.8510266666666666	1.7303166666666667	0.0971457	-0.006451856344938278	0.01045244000852108	318	80	80	36	5.9304440033310915	2.0	3.0	3.0	3.0	35.176480360121346	5.760160222014312	21.264881134033203	8.812969207763672	155495.0	2.9908939599990845	95.47766342163078	41.385414123535156	3.1703029329973473	91.10017825585385	615.7142333984375	606.34765625	35162.0	474.25750732421875	784.557504272461	102.24176025390625	44.18400573730469
sub-13_task-WM_run-03_bold	0.002827791411042945	0.02027699180981595	0	30.261276004399967	1.0626853109538459	0.9894483217846158	0.45707913687932833	4699.4228515625	0.4011926518678406	228	69.93865030674847	1.73295	1.5925733333333334	1.8700333333333334	1.7362433333333334	0.0931136	-0.006937304511666298	0.012140436097979546	326	80	80	36	5.878036154191969	2.0	3.0	3.0	3.0	38.72256142135639	5.712174970166961	21.457189559936523	8.811841011047363	155540.0	3.052438008785248	95.38313369750972	41.94819641113281	3.340478213978713	92.18376103573027	616.271728515625	606.24755859375	35171.0	475.12884521484375	788.7897644042969	103.13630676269531	37.13412857055664
sub-14_task-WM_run-01_bold	0.00041079470198675505	0.005743305794701986	0	18.519062891096333	1.0813237184385378	0.9989363287707647	0.4462680231445481	6047.46240234375	0.04441442956749415	0	0.0	1.6199877777777776	1.5099966666666667	1.7156900000000002	1.6342766666666666	0.018295	-0.005214476026594639	0.007402332499623299	302	80	80	36	5.575473389396712	2.0	3.0	3.0	3.0	56.889799876884375	3.3702358620229482	14.298351287841797	6.449328422546387	155450.0	2.62009117603302	53.09450531005853	30.36667823791504	4.8670012277442485	72.87269520706448	514.4013671875	502.6285095214844	35805.0	406.0947509765625	659.5549804687499	90.14866638183594	74.397216796875
sub-14_task-WM_run-02_bold	0.00036191275167785233	0.004917989630872484	0	18.985555327643095	1.0968145162626262	1.0037554272053868	0.44701129905663317	5953.94677734375	0.051777255044434485	2	0.6711409395973155	1.6161144444444444	1.50284	1.7182733333333333	1.62723	0.0083448	-0.005369999911636114	0.007715476676821709	298	80	80	36	5.5790861057426095	2.0	3.0	3.0	3.0	58.501945053662446	3.375749441726339	14.383359909057617	6.485934257507324	155348.0	2.5965407371521	53.383596038818354	30.698474884033203	4.779390867830921	73.3670241419486	513.4194946289062	501.7869873046875	35886.0	405.218994140625	658.0399780273438	89.93946075439453	79.1005859375
sub-14_task-WM_run-03_bold	0.0003491666666666667	0.0048763163333333335	0	19.049977215986633	1.0897432443478257	0.9946444993979928	0.4469205521693397	5979.8984375	0.052061005497181304	3	1.0	1.619378888888889	1.5015599999999998	1.7173666666666667	1.63921	0.0089551	-0.005236715078353882	0.007209911942481995	300	80	80	36	5.5745740968403785	2.0	3.0	3.0	3.0	54.16995837248379	3.3391473035594776	14.346834182739258	6.459913730621338	155337.0	2.6238324642181396	53.38046569824201	30.47024154663086	4.814219887543404	72.7865026647594	512.7073974609375	501.0943908691406	35861.0	404.4529113769531	657.6260375976562	89.88801574707031	79.28140258789062
sub-15_task-WM_run-01_bold	0.00022628205128205126	0.00942769766025641	0	21.868868487234714	1.065034804212219	0.9658200801607719	0.48454100687143037	4504.37548828125	0.1085918516271939	11	3.5256410256410255	1.6830022222222223	1.5293466666666669	1.88692	1.63274	0.00851622	-0.006666759494692087	0.020831717178225517	312	80	80	36	6.371846586611605	2.0	3.0	3.0	3.0	34.90080168390083	5.912999988242693	20.322710037231445	8.985862731933594	146900.0	2.8365403175354005	85.14120368957515	39.133792877197266	5.098499033213315	79.94686328157528	618.4520874023438	612.3787841796875	41158.0	486.6329315185547	769.3445678710938	96.10578918457031	62.668907165527344
sub-15_task-WM_run-02_bold	0.00020766467065868265	0.00835980113772455	0	20.58058497579579	1.0624980966966968	0.9749620474774779	0.48479359875199485	4529.34912109375	0.09841038728669455	7	2.095808383233533	1.6771655555555556	1.53548	1.8753533333333332	1.6206633333333331	0.00883539	-0.006481518037617207	0.02044042944908142	334	80	80	36	6.309735096386423	2.0	3.0	3.0	3.0	33.01292704776738	5.8097916298226	20.451234817504883	8.922279357910156	146966.0	2.8502283692359924	87.72622489929199	39.56851577758789	5.248260929216954	79.05417096678292	614.2285766601562	608.7584228515625	41205.0	480.58298950195314	764.5468872070312	96.47806549072266	64.78227233886719
sub-15_task-WM_run-03_bold	0.0003817105263157895	0.005622580032894738	0	20.41579928277227	1.089026971716171	0.9955540281188107	0.4858106806376794	4484.98779296875	0.10196654448522693	11	3.6184210526315788	1.6638866666666667	1.5254633333333334	1.8538466666666666	1.61235	0.0136376	-0.006630247458815575	0.019628431648015976	304	80	80	36	6.272543924445868	2.0	3.0	3.0	3.0	32.13444648563531	5.807147600063569	20.66348648071289	8.935701370239258	146784.0	2.8591135025024412	89.88782691955569	40.114566802978516	5.410499225497865	79.00376755884179	613.75439453125	608.3280639648438	41364.0	479.7576217651367	762.5510162353515	96.98149871826172	73.27598571777344
sub-16_task-WM_run-01_bold	0.0002796485623003195	0.013121932939297126	0	19.460432731217946	0.974884706346154	0.9496498993910257	0.44384755691787336	4997.51318359375	0.08168436608299275	7	2.236421725239617	1.6471455555555556	1.5373	1.7774766666666666	1.62666	0.01562	-0.014359514228999615	0.007272546645253897	313	80	80	36	6.396640775934405	2.0	3.0	3.0	3.0	33.05198550519284	4.11937786273495	17.359498977661133	7.250141143798828	157964.0	2.8973752856254578	62.44699001312259	37.007442474365234	3.3833051265169463	77.2958431037591	524.6338500976562	518.62158203125	32828.0	413.63160705566406	651.0519989013671	81.07594299316406	55.65773010253906
sub-16_task-WM_run-02_bold	0.0006563694267515924	0.005121043312101911	0	19.795501855143772	1.0625483464856231	1.0130452334504796	0.4427275351904519	5014.64453125	0.08386590541528213	6	1.910828025477707	1.632778888888889	1.5243966666666668	1.7525633333333335	1.6213766666666667	0.0161415	-0.01370749156922102	0.0077194892801344395	314	80	80	36	6.366673608124717	2.0	3.0	3.0	3.0	33.024889231602145	4.103257764722805	17.27642822265625	7.2116522789001465	158229.0	2.888109302520752	62.40481109619143	36.82822799682617	3.572778496161628	76.96473705410627	522.2752685546875	516.3406982421875	32686.0	411.6886978149414	647.8886566162109	81.09930419921875	70.61727142333984
sub-16_task-WM_run-03_bold	0.0005294516129032259	0.005194714967741936	0	20.186409212653718	1.0659656396763755	1.0118540219741106	0.442441412685168	5031.66357421875	0.096361052212603	6	1.935483870967742	1.628111111111111	1.52306	1.7389233333333334	1.62235	0.021309	-0.013558032922446728	0.007829108275473118	310	80	80	36	6.383924188085698	2.0	3.0	3.0	3.0	33.16202619400739	4.048717581344508	17.254945755004883	7.19469690322876	158314.0	2.887704336643219	62.15705451965364	36.64115905761719	3.6039898651353637	77.20008115321384	521.5985717773438	515.9573974609375	32590.0	411.3280517578125	646.8919189453125	80.82011413574219	70.07373046875
